gbd_release,version_id,measure,measure_id,metric,metric_id,cause,cause_id,location,location_id,age,age_id,sex,sex_id,year,val,upper,lower,source_endpoint,downloaded_on,source_note
GBD 2023,8352,Deaths,1,Number,1,All causes,294,Global,1,All ages,22,Both,3,1990,47939538.567121744,48307123.43673697,47564740.35066254,https://vizhub.healthdata.org/gbd-results/php/default_data.php?start_year=1990&version=8352,2026-06-11,Real GBD Results Tool default data endpoint output; use for workflow demonstration with IHME/GHDx citation and query metadata.
GBD 2023,8352,Deaths,1,Percent,2,All causes,294,Global,1,All ages,22,Both,3,1990,1,1,1,https://vizhub.healthdata.org/gbd-results/php/default_data.php?start_year=1990&version=8352,2026-06-11,Real GBD Results Tool default data endpoint output; use for workflow demonstration with IHME/GHDx citation and query metadata.
GBD 2023,8352,Deaths,1,Rate,3,All causes,294,Global,1,All ages,22,Both,3,1990,0.008984008194748405,0.009052894662570064,0.008913769924863275,https://vizhub.healthdata.org/gbd-results/php/default_data.php?start_year=1990&version=8352,2026-06-11,Real GBD Results Tool default data endpoint output; use for workflow demonstration with IHME/GHDx citation and query metadata.
GBD 2023,8352,Deaths,1,Number,1,All causes,294,Global,1,All ages,22,Both,3,1993,49185579.14307427,49551032.846824564,48782241.16854577,https://vizhub.healthdata.org/gbd-results/php/default_data.php?start_year=1990&version=8352,2026-06-11,Real GBD Results Tool default data endpoint output; use for workflow demonstration with IHME/GHDx citation and query metadata.
GBD 2023,8352,Deaths,1,Percent,2,All causes,294,Global,1,All ages,22,Both,3,1993,1,1,1,https://vizhub.healthdata.org/gbd-results/php/default_data.php?start_year=1990&version=8352,2026-06-11,Real GBD Results Tool default data endpoint output; use for workflow demonstration with IHME/GHDx citation and query metadata.
GBD 2023,8352,Deaths,1,Rate,3,All causes,294,Global,1,All ages,22,Both,3,1993,0.008814469858242429,0.008879962238578547,0.008742188297648744,https://vizhub.healthdata.org/gbd-results/php/default_data.php?start_year=1990&version=8352,2026-06-11,Real GBD Results Tool default data endpoint output; use for workflow demonstration with IHME/GHDx citation and query metadata.
GBD 2023,8352,Deaths,1,Number,1,All causes,294,Global,1,All ages,22,Both,3,1992,48487321.67286615,48897500.285619356,48116008.77452721,https://vizhub.healthdata.org/gbd-results/php/default_data.php?start_year=1990&version=8352,2026-06-11,Real GBD Results Tool default data endpoint output; use for workflow demonstration with IHME/GHDx citation and query metadata.
GBD 2023,8352,Deaths,1,Percent,2,All causes,294,Global,1,All ages,22,Both,3,1992,1,1,1,https://vizhub.healthdata.org/gbd-results/php/default_data.php?start_year=1990&version=8352,2026-06-11,Real GBD Results Tool default data endpoint output; use for workflow demonstration with IHME/GHDx citation and query metadata.
GBD 2023,8352,Deaths,1,Rate,3,All causes,294,Global,1,All ages,22,Both,3,1992,0.008815791804382307,0.008890369016071575,0.008748281018199423,https://vizhub.healthdata.org/gbd-results/php/default_data.php?start_year=1990&version=8352,2026-06-11,Real GBD Results Tool default data endpoint output; use for workflow demonstration with IHME/GHDx citation and query metadata.
GBD 2023,8352,Deaths,1,Number,1,All causes,294,Global,1,All ages,22,Both,3,1991,48389303.3271266,48787083.083143525,48016966.30390951,https://vizhub.healthdata.org/gbd-results/php/default_data.php?start_year=1990&version=8352,2026-06-11,Real GBD Results Tool default data endpoint output; use for workflow demonstration with IHME/GHDx citation and query metadata.
GBD 2023,8352,Deaths,1,Percent,2,All causes,294,Global,1,All ages,22,Both,3,1991,1,1,1,https://vizhub.healthdata.org/gbd-results/php/default_data.php?start_year=1990&version=8352,2026-06-11,Real GBD Results Tool default data endpoint output; use for workflow demonstration with IHME/GHDx citation and query metadata.
GBD 2023,8352,Deaths,1,Rate,3,All causes,294,Global,1,All ages,22,Both,3,1991,0.008929345562039098,0.009002748414629199,0.008860637692381,https://vizhub.healthdata.org/gbd-results/php/default_data.php?start_year=1990&version=8352,2026-06-11,Real GBD Results Tool default data endpoint output; use for workflow demonstration with IHME/GHDx citation and query metadata.
GBD 2023,8352,Deaths,1,Number,1,All causes,294,Global,1,All ages,22,Both,3,1994,50293925.11217164,50885001.7690666,49705005.792502455,https://vizhub.healthdata.org/gbd-results/php/default_data.php?start_year=1990&version=8352,2026-06-11,Real GBD Results Tool default data endpoint output; use for workflow demonstration with IHME/GHDx citation and query metadata.
GBD 2023,8352,Deaths,1,Percent,2,All causes,294,Global,1,All ages,22,Both,3,1994,1,1,1,https://vizhub.healthdata.org/gbd-results/php/default_data.php?start_year=1990&version=8352,2026-06-11,Real GBD Results Tool default data endpoint output; use for workflow demonstration with IHME/GHDx citation and query metadata.
GBD 2023,8352,Deaths,1,Rate,3,All causes,294,Global,1,All ages,22,Both,3,1994,0.00888996382526856,0.008994442648228542,0.008785866333649368,https://vizhub.healthdata.org/gbd-results/php/default_data.php?start_year=1990&version=8352,2026-06-11,Real GBD Results Tool default data endpoint output; use for workflow demonstration with IHME/GHDx citation and query metadata.
GBD 2023,8352,Deaths,1,Number,1,All causes,294,Global,1,All ages,22,Both,3,1995,49878658.17581665,50288457.49080984,49457258.36623539,https://vizhub.healthdata.org/gbd-results/php/default_data.php?start_year=1990&version=8352,2026-06-11,Real GBD Results Tool default data endpoint output; use for workflow demonstration with IHME/GHDx citation and query metadata.
GBD 2023,8352,Deaths,1,Percent,2,All causes,294,Global,1,All ages,22,Both,3,1995,1,1,1,https://vizhub.healthdata.org/gbd-results/php/default_data.php?start_year=1990&version=8352,2026-06-11,Real GBD Results Tool default data endpoint output; use for workflow demonstration with IHME/GHDx citation and query metadata.
GBD 2023,8352,Deaths,1,Rate,3,All causes,294,Global,1,All ages,22,Both,3,1995,0.00870139355735591,0.008772883554274462,0.00862787983982092,https://vizhub.healthdata.org/gbd-results/php/default_data.php?start_year=1990&version=8352,2026-06-11,Real GBD Results Tool default data endpoint output; use for workflow demonstration with IHME/GHDx citation and query metadata.
GBD 2023,8352,Deaths,1,Number,1,All causes,294,Global,1,All ages,22,Both,3,1997,50115376.685222305,50604489.82042772,49631450.13572626,https://vizhub.healthdata.org/gbd-results/php/default_data.php?start_year=1990&version=8352,2026-06-11,Real GBD Results Tool default data endpoint output; use for workflow demonstration with IHME/GHDx citation and query metadata.
GBD 2023,8352,Deaths,1,Percent,2,All causes,294,Global,1,All ages,22,Both,3,1997,1,1,1,https://vizhub.healthdata.org/gbd-results/php/default_data.php?start_year=1990&version=8352,2026-06-11,Real GBD Results Tool default data endpoint output; use for workflow demonstration with IHME/GHDx citation and query metadata.
GBD 2023,8352,Deaths,1,Rate,3,All causes,294,Global,1,All ages,22,Both,3,1997,0.008519998026300813,0.008603151006927148,0.008437726804985283,https://vizhub.healthdata.org/gbd-results/php/default_data.php?start_year=1990&version=8352,2026-06-11,Real GBD Results Tool default data endpoint output; use for workflow demonstration with IHME/GHDx citation and query metadata.
GBD 2023,8352,Deaths,1,Number,1,All causes,294,Global,1,All ages,22,Both,3,1996,50033821.95791637,50530758.27167643,49604630.86803437,https://vizhub.healthdata.org/gbd-results/php/default_data.php?start_year=1990&version=8352,2026-06-11,Real GBD Results Tool default data endpoint output; use for workflow demonstration with IHME/GHDx citation and query metadata.
GBD 2023,8352,Deaths,1,Percent,2,All causes,294,Global,1,All ages,22,Both,3,1996,1,1,1,https://vizhub.healthdata.org/gbd-results/php/default_data.php?start_year=1990&version=8352,2026-06-11,Real GBD Results Tool default data endpoint output; use for workflow demonstration with IHME/GHDx citation and query metadata.
GBD 2023,8352,Deaths,1,Rate,3,All causes,294,Global,1,All ages,22,Both,3,1996,0.008616100079937492,0.008701675253793147,0.008542191007251593,https://vizhub.healthdata.org/gbd-results/php/default_data.php?start_year=1990&version=8352,2026-06-11,Real GBD Results Tool default data endpoint output; use for workflow demonstration with IHME/GHDx citation and query metadata.
GBD 2023,8352,Deaths,1,Number,1,All causes,294,Global,1,All ages,22,Both,3,1998,50424708.035445884,50868827.49777275,50018621.79340002,https://vizhub.healthdata.org/gbd-results/php/default_data.php?start_year=1990&version=8352,2026-06-11,Real GBD Results Tool default data endpoint output; use for workflow demonstration with IHME/GHDx citation and query metadata.
GBD 2023,8352,Deaths,1,Percent,2,All causes,294,Global,1,All ages,22,Both,3,1998,1,1,1,https://vizhub.healthdata.org/gbd-results/php/default_data.php?start_year=1990&version=8352,2026-06-11,Real GBD Results Tool default data endpoint output; use for workflow demonstration with IHME/GHDx citation and query metadata.
GBD 2023,8352,Deaths,1,Rate,3,All causes,294,Global,1,All ages,22,Both,3,1998,0.008464553142704414,0.008539105340169445,0.008396385398948672,https://vizhub.healthdata.org/gbd-results/php/default_data.php?start_year=1990&version=8352,2026-06-11,Real GBD Results Tool default data endpoint output; use for workflow demonstration with IHME/GHDx citation and query metadata.
GBD 2023,8352,Deaths,1,Number,1,All causes,294,Global,1,All ages,22,Both,3,2000,50746089.58199774,51060785.48475041,50430843.99712593,https://vizhub.healthdata.org/gbd-results/php/default_data.php?start_year=1990&version=8352,2026-06-11,Real GBD Results Tool default data endpoint output; use for workflow demonstration with IHME/GHDx citation and query metadata.
GBD 2023,8352,Deaths,1,Percent,2,All causes,294,Global,1,All ages,22,Both,3,2000,1,1,1,https://vizhub.healthdata.org/gbd-results/php/default_data.php?start_year=1990&version=8352,2026-06-11,Real GBD Results Tool default data endpoint output; use for workflow demonstration with IHME/GHDx citation and query metadata.
GBD 2023,8352,Deaths,1,Rate,3,All causes,294,Global,1,All ages,22,Both,3,2000,0.008307693575281301,0.008359212759340621,0.008256084402207119,https://vizhub.healthdata.org/gbd-results/php/default_data.php?start_year=1990&version=8352,2026-06-11,Real GBD Results Tool default data endpoint output; use for workflow demonstration with IHME/GHDx citation and query metadata.
GBD 2023,8352,Deaths,1,Number,1,All causes,294,Global,1,All ages,22,Both,3,2001,50828187.053754374,51233195.69737988,50440955.36563793,https://vizhub.healthdata.org/gbd-results/php/default_data.php?start_year=1990&version=8352,2026-06-11,Real GBD Results Tool default data endpoint output; use for workflow demonstration with IHME/GHDx citation and query metadata.
GBD 2023,8352,Deaths,1,Percent,2,All causes,294,Global,1,All ages,22,Both,3,2001,1,1,1,https://vizhub.healthdata.org/gbd-results/php/default_data.php?start_year=1990&version=8352,2026-06-11,Real GBD Results Tool default data endpoint output; use for workflow demonstration with IHME/GHDx citation and query metadata.
GBD 2023,8352,Deaths,1,Rate,3,All causes,294,Global,1,All ages,22,Both,3,2001,0.008216850621331137,0.008282324046962065,0.008154251006402248,https://vizhub.healthdata.org/gbd-results/php/default_data.php?start_year=1990&version=8352,2026-06-11,Real GBD Results Tool default data endpoint output; use for workflow demonstration with IHME/GHDx citation and query metadata.
GBD 2023,8352,Deaths,1,Number,1,All causes,294,Global,1,All ages,22,Both,3,1999,50736400.32757585,51198954.73546987,50334706.573642194,https://vizhub.healthdata.org/gbd-results/php/default_data.php?start_year=1990&version=8352,2026-06-11,Real GBD Results Tool default data endpoint output; use for workflow demonstration with IHME/GHDx citation and query metadata.
GBD 2023,8352,Deaths,1,Percent,2,All causes,294,Global,1,All ages,22,Both,3,1999,1,1,1,https://vizhub.healthdata.org/gbd-results/php/default_data.php?start_year=1990&version=8352,2026-06-11,Real GBD Results Tool default data endpoint output; use for workflow demonstration with IHME/GHDx citation and query metadata.
GBD 2023,8352,Deaths,1,Rate,3,All causes,294,Global,1,All ages,22,Both,3,1999,0.00841076547700634,0.008487444875229991,0.00834417518017605,https://vizhub.healthdata.org/gbd-results/php/default_data.php?start_year=1990&version=8352,2026-06-11,Real GBD Results Tool default data endpoint output; use for workflow demonstration with IHME/GHDx citation and query metadata.
GBD 2023,8352,Deaths,1,Number,1,All causes,294,Global,1,All ages,22,Both,3,2002,51151988.402269386,51563925.97954478,50738720.46545184,https://vizhub.healthdata.org/gbd-results/php/default_data.php?start_year=1990&version=8352,2026-06-11,Real GBD Results Tool default data endpoint output; use for workflow demonstration with IHME/GHDx citation and query metadata.
GBD 2023,8352,Deaths,1,Percent,2,All causes,294,Global,1,All ages,22,Both,3,2002,1,1,1,https://vizhub.healthdata.org/gbd-results/php/default_data.php?start_year=1990&version=8352,2026-06-11,Real GBD Results Tool default data endpoint output; use for workflow demonstration with IHME/GHDx citation and query metadata.
GBD 2023,8352,Deaths,1,Rate,3,All causes,294,Global,1,All ages,22,Both,3,2002,0.00816501192125775,0.008230766456600865,0.008099045030503623,https://vizhub.healthdata.org/gbd-results/php/default_data.php?start_year=1990&version=8352,2026-06-11,Real GBD Results Tool default data endpoint output; use for workflow demonstration with IHME/GHDx citation and query metadata.
GBD 2023,8352,Deaths,1,Number,1,All causes,294,Global,1,All ages,22,Both,3,2003,51388721.957802214,51819476.482806966,51025442.84865567,https://vizhub.healthdata.org/gbd-results/php/default_data.php?start_year=1990&version=8352,2026-06-11,Real GBD Results Tool default data endpoint output; use for workflow demonstration with IHME/GHDx citation and query metadata.
GBD 2023,8352,Deaths,1,Percent,2,All causes,294,Global,1,All ages,22,Both,3,2003,1,1,1,https://vizhub.healthdata.org/gbd-results/php/default_data.php?start_year=1990&version=8352,2026-06-11,Real GBD Results Tool default data endpoint output; use for workflow demonstration with IHME/GHDx citation and query metadata.
GBD 2023,8352,Deaths,1,Rate,3,All causes,294,Global,1,All ages,22,Both,3,2003,0.008098464063258001,0.00816634763591624,0.008041214092870109,https://vizhub.healthdata.org/gbd-results/php/default_data.php?start_year=1990&version=8352,2026-06-11,Real GBD Results Tool default data endpoint output; use for workflow demonstration with IHME/GHDx citation and query metadata.
GBD 2023,8352,Deaths,1,Number,1,All causes,294,Global,1,All ages,22,Both,3,2005,51133817.320171684,51510255.95980753,50754984.338583805,https://vizhub.healthdata.org/gbd-results/php/default_data.php?start_year=1990&version=8352,2026-06-11,Real GBD Results Tool default data endpoint output; use for workflow demonstration with IHME/GHDx citation and query metadata.
GBD 2023,8352,Deaths,1,Percent,2,All causes,294,Global,1,All ages,22,Both,3,2005,1,1,1,https://vizhub.healthdata.org/gbd-results/php/default_data.php?start_year=1990&version=8352,2026-06-11,Real GBD Results Tool default data endpoint output; use for workflow demonstration with IHME/GHDx citation and query metadata.
GBD 2023,8352,Deaths,1,Rate,3,All causes,294,Global,1,All ages,22,Both,3,2005,0.00785175822994328,0.007909561565225725,0.007793587235934911,https://vizhub.healthdata.org/gbd-results/php/default_data.php?start_year=1990&version=8352,2026-06-11,Real GBD Results Tool default data endpoint output; use for workflow demonstration with IHME/GHDx citation and query metadata.
GBD 2023,8352,Deaths,1,Number,1,All causes,294,Global,1,All ages,22,Both,3,2004,51225702.256888136,51628222.87234739,50838806.559242465,https://vizhub.healthdata.org/gbd-results/php/default_data.php?start_year=1990&version=8352,2026-06-11,Real GBD Results Tool default data endpoint output; use for workflow demonstration with IHME/GHDx citation and query metadata.
GBD 2023,8352,Deaths,1,Percent,2,All causes,294,Global,1,All ages,22,Both,3,2004,1,1,1,https://vizhub.healthdata.org/gbd-results/php/default_data.php?start_year=1990&version=8352,2026-06-11,Real GBD Results Tool default data endpoint output; use for workflow demonstration with IHME/GHDx citation and query metadata.
GBD 2023,8352,Deaths,1,Rate,3,All causes,294,Global,1,All ages,22,Both,3,2004,0.007969534998528142,0.008032157900532381,0.007909342972507597,https://vizhub.healthdata.org/gbd-results/php/default_data.php?start_year=1990&version=8352,2026-06-11,Real GBD Results Tool default data endpoint output; use for workflow demonstration with IHME/GHDx citation and query metadata.
GBD 2023,8352,Deaths,1,Number,1,All causes,294,Global,1,All ages,22,Both,3,2006,50981007.71068012,51345757.66154913,50572359.9785878,https://vizhub.healthdata.org/gbd-results/php/default_data.php?start_year=1990&version=8352,2026-06-11,Real GBD Results Tool default data endpoint output; use for workflow demonstration with IHME/GHDx citation and query metadata.
GBD 2023,8352,Deaths,1,Percent,2,All causes,294,Global,1,All ages,22,Both,3,2006,1,1,1,https://vizhub.healthdata.org/gbd-results/php/default_data.php?start_year=1990&version=8352,2026-06-11,Real GBD Results Tool default data endpoint output; use for workflow demonstration with IHME/GHDx citation and query metadata.
GBD 2023,8352,Deaths,1,Rate,3,All causes,294,Global,1,All ages,22,Both,3,2006,0.007726139645769468,0.00778141727135495,0.0076642093390562336,https://vizhub.healthdata.org/gbd-results/php/default_data.php?start_year=1990&version=8352,2026-06-11,Real GBD Results Tool default data endpoint output; use for workflow demonstration with IHME/GHDx citation and query metadata.
GBD 2023,8352,Deaths,1,Number,1,All causes,294,Global,1,All ages,22,Both,3,2008,51663770.44209643,52060053.393965684,51289379.06653796,https://vizhub.healthdata.org/gbd-results/php/default_data.php?start_year=1990&version=8352,2026-06-11,Real GBD Results Tool default data endpoint output; use for workflow demonstration with IHME/GHDx citation and query metadata.
GBD 2023,8352,Deaths,1,Percent,2,All causes,294,Global,1,All ages,22,Both,3,2008,1,1,1,https://vizhub.healthdata.org/gbd-results/php/default_data.php?start_year=1990&version=8352,2026-06-11,Real GBD Results Tool default data endpoint output; use for workflow demonstration with IHME/GHDx citation and query metadata.
GBD 2023,8352,Deaths,1,Rate,3,All causes,294,Global,1,All ages,22,Both,3,2008,0.007622725851424941,0.007681195379990962,0.007567486313299886,https://vizhub.healthdata.org/gbd-results/php/default_data.php?start_year=1990&version=8352,2026-06-11,Real GBD Results Tool default data endpoint output; use for workflow demonstration with IHME/GHDx citation and query metadata.
GBD 2023,8352,Deaths,1,Number,1,All causes,294,Global,1,All ages,22,Both,3,2007,51221686.7263185,51640962.512747385,50828560.547074385,https://vizhub.healthdata.org/gbd-results/php/default_data.php?start_year=1990&version=8352,2026-06-11,Real GBD Results Tool default data endpoint output; use for workflow demonstration with IHME/GHDx citation and query metadata.
GBD 2023,8352,Deaths,1,Percent,2,All causes,294,Global,1,All ages,22,Both,3,2007,1,1,1,https://vizhub.healthdata.org/gbd-results/php/default_data.php?start_year=1990&version=8352,2026-06-11,Real GBD Results Tool default data endpoint output; use for workflow demonstration with IHME/GHDx citation and query metadata.
GBD 2023,8352,Deaths,1,Rate,3,All causes,294,Global,1,All ages,22,Both,3,2007,0.0076594226282265705,0.007722118932297924,0.007600636599388057,https://vizhub.healthdata.org/gbd-results/php/default_data.php?start_year=1990&version=8352,2026-06-11,Real GBD Results Tool default data endpoint output; use for workflow demonstration with IHME/GHDx citation and query metadata.
GBD 2023,8352,Deaths,1,Number,1,All causes,294,Global,1,All ages,22,Both,3,2010,51849869.954864286,52192768.80643676,51502897.17700112,https://vizhub.healthdata.org/gbd-results/php/default_data.php?start_year=1990&version=8352,2026-06-11,Real GBD Results Tool default data endpoint output; use for workflow demonstration with IHME/GHDx citation and query metadata.
GBD 2023,8352,Deaths,1,Percent,2,All causes,294,Global,1,All ages,22,Both,3,2010,1,1,1,https://vizhub.healthdata.org/gbd-results/php/default_data.php?start_year=1990&version=8352,2026-06-11,Real GBD Results Tool default data endpoint output; use for workflow demonstration with IHME/GHDx citation and query metadata.
GBD 2023,8352,Deaths,1,Rate,3,All causes,294,Global,1,All ages,22,Both,3,2010,0.007446257069952311,0.007495501417142045,0.007396427658567213,https://vizhub.healthdata.org/gbd-results/php/default_data.php?start_year=1990&version=8352,2026-06-11,Real GBD Results Tool default data endpoint output; use for workflow demonstration with IHME/GHDx citation and query metadata.
GBD 2023,8352,Deaths,1,Number,1,All causes,294,Global,1,All ages,22,Both,3,2009,51339991.648265965,51697587.39543424,51007400.63535839,https://vizhub.healthdata.org/gbd-results/php/default_data.php?start_year=1990&version=8352,2026-06-11,Real GBD Results Tool default data endpoint output; use for workflow demonstration with IHME/GHDx citation and query metadata.
GBD 2023,8352,Deaths,1,Percent,2,All causes,294,Global,1,All ages,22,Both,3,2009,1,1,1,https://vizhub.healthdata.org/gbd-results/php/default_data.php?start_year=1990&version=8352,2026-06-11,Real GBD Results Tool default data endpoint output; use for workflow demonstration with IHME/GHDx citation and query metadata.
GBD 2023,8352,Deaths,1,Rate,3,All causes,294,Global,1,All ages,22,Both,3,2009,0.007472087463949061,0.00752413240228648,0.00742368174633238,https://vizhub.healthdata.org/gbd-results/php/default_data.php?start_year=1990&version=8352,2026-06-11,Real GBD Results Tool default data endpoint output; use for workflow demonstration with IHME/GHDx citation and query metadata.
GBD 2023,8352,Deaths,1,Number,1,All causes,294,Global,1,All ages,22,Both,3,2011,51792231.87295196,52251680.261352114,51375276.19985886,https://vizhub.healthdata.org/gbd-results/php/default_data.php?start_year=1990&version=8352,2026-06-11,Real GBD Results Tool default data endpoint output; use for workflow demonstration with IHME/GHDx citation and query metadata.
GBD 2023,8352,Deaths,1,Percent,2,All causes,294,Global,1,All ages,22,Both,3,2011,1,1,1,https://vizhub.healthdata.org/gbd-results/php/default_data.php?start_year=1990&version=8352,2026-06-11,Real GBD Results Tool default data endpoint output; use for workflow demonstration with IHME/GHDx citation and query metadata.
GBD 2023,8352,Deaths,1,Rate,3,All causes,294,Global,1,All ages,22,Both,3,2011,0.007345238435689531,0.007410397974864653,0.007286105265999243,https://vizhub.healthdata.org/gbd-results/php/default_data.php?start_year=1990&version=8352,2026-06-11,Real GBD Results Tool default data endpoint output; use for workflow demonstration with IHME/GHDx citation and query metadata.
GBD 2023,8352,Deaths,1,Number,1,All causes,294,Global,1,All ages,22,Both,3,2012,52041182.97219504,52414145.28917254,51596098.167790666,https://vizhub.healthdata.org/gbd-results/php/default_data.php?start_year=1990&version=8352,2026-06-11,Real GBD Results Tool default data endpoint output; use for workflow demonstration with IHME/GHDx citation and query metadata.
GBD 2023,8352,Deaths,1,Percent,2,All causes,294,Global,1,All ages,22,Both,3,2012,1,1,1,https://vizhub.healthdata.org/gbd-results/php/default_data.php?start_year=1990&version=8352,2026-06-11,Real GBD Results Tool default data endpoint output; use for workflow demonstration with IHME/GHDx citation and query metadata.
GBD 2023,8352,Deaths,1,Rate,3,All causes,294,Global,1,All ages,22,Both,3,2012,0.007289014561165714,0.0073412525696803736,0.007226674901784969,https://vizhub.healthdata.org/gbd-results/php/default_data.php?start_year=1990&version=8352,2026-06-11,Real GBD Results Tool default data endpoint output; use for workflow demonstration with IHME/GHDx citation and query metadata.
GBD 2023,8352,Deaths,1,Number,1,All causes,294,Global,1,All ages,22,Both,3,2013,52338687.01328106,52670325.276757576,52011095.90049026,https://vizhub.healthdata.org/gbd-results/php/default_data.php?start_year=1990&version=8352,2026-06-11,Real GBD Results Tool default data endpoint output; use for workflow demonstration with IHME/GHDx citation and query metadata.
GBD 2023,8352,Deaths,1,Percent,2,All causes,294,Global,1,All ages,22,Both,3,2013,1,1,1,https://vizhub.healthdata.org/gbd-results/php/default_data.php?start_year=1990&version=8352,2026-06-11,Real GBD Results Tool default data endpoint output; use for workflow demonstration with IHME/GHDx citation and query metadata.
GBD 2023,8352,Deaths,1,Rate,3,All causes,294,Global,1,All ages,22,Both,3,2013,0.007238680305760444,0.007284547397647084,0.007193372953363564,https://vizhub.healthdata.org/gbd-results/php/default_data.php?start_year=1990&version=8352,2026-06-11,Real GBD Results Tool default data endpoint output; use for workflow demonstration with IHME/GHDx citation and query metadata.
GBD 2023,8352,Deaths,1,Number,1,All causes,294,Global,1,All ages,22,Both,3,2014,52761768.229423426,53124239.7094406,52354324.16271565,https://vizhub.healthdata.org/gbd-results/php/default_data.php?start_year=1990&version=8352,2026-06-11,Real GBD Results Tool default data endpoint output; use for workflow demonstration with IHME/GHDx citation and query metadata.
GBD 2023,8352,Deaths,1,Percent,2,All causes,294,Global,1,All ages,22,Both,3,2014,1,1,1,https://vizhub.healthdata.org/gbd-results/php/default_data.php?start_year=1990&version=8352,2026-06-11,Real GBD Results Tool default data endpoint output; use for workflow demonstration with IHME/GHDx citation and query metadata.
GBD 2023,8352,Deaths,1,Rate,3,All causes,294,Global,1,All ages,22,Both,3,2014,0.0072064684276144,0.0072559766106096305,0.007150817661893643,https://vizhub.healthdata.org/gbd-results/php/default_data.php?start_year=1990&version=8352,2026-06-11,Real GBD Results Tool default data endpoint output; use for workflow demonstration with IHME/GHDx citation and query metadata.
GBD 2023,8352,Deaths,1,Number,1,All causes,294,Global,1,All ages,22,Both,3,2015,53773642.27190466,54137069.44681035,53434178.91371802,https://vizhub.healthdata.org/gbd-results/php/default_data.php?start_year=1990&version=8352,2026-06-11,Real GBD Results Tool default data endpoint output; use for workflow demonstration with IHME/GHDx citation and query metadata.
GBD 2023,8352,Deaths,1,Percent,2,All causes,294,Global,1,All ages,22,Both,3,2015,1,1,1,https://vizhub.healthdata.org/gbd-results/php/default_data.php?start_year=1990&version=8352,2026-06-11,Real GBD Results Tool default data endpoint output; use for workflow demonstration with IHME/GHDx citation and query metadata.
GBD 2023,8352,Deaths,1,Rate,3,All causes,294,Global,1,All ages,22,Both,3,2015,0.0072535074248398276,0.0073025299868273025,0.007207717333541613,https://vizhub.healthdata.org/gbd-results/php/default_data.php?start_year=1990&version=8352,2026-06-11,Real GBD Results Tool default data endpoint output; use for workflow demonstration with IHME/GHDx citation and query metadata.
GBD 2023,8352,Deaths,1,Number,1,All causes,294,Global,1,All ages,22,Both,3,2016,54619439.58377523,55030941.116439,54253765.92626991,https://vizhub.healthdata.org/gbd-results/php/default_data.php?start_year=1990&version=8352,2026-06-11,Real GBD Results Tool default data endpoint output; use for workflow demonstration with IHME/GHDx citation and query metadata.
GBD 2023,8352,Deaths,1,Percent,2,All causes,294,Global,1,All ages,22,Both,3,2016,1,1,1,https://vizhub.healthdata.org/gbd-results/php/default_data.php?start_year=1990&version=8352,2026-06-11,Real GBD Results Tool default data endpoint output; use for workflow demonstration with IHME/GHDx citation and query metadata.
GBD 2023,8352,Deaths,1,Rate,3,All causes,294,Global,1,All ages,22,Both,3,2016,0.0072784334134552405,0.00733326895420505,0.007229704766887473,https://vizhub.healthdata.org/gbd-results/php/default_data.php?start_year=1990&version=8352,2026-06-11,Real GBD Results Tool default data endpoint output; use for workflow demonstration with IHME/GHDx citation and query metadata.
GBD 2023,8352,Deaths,1,Number,1,All causes,294,Global,1,All ages,22,Both,3,2017,55390657.069488585,55796547.7668381,54976460.773119815,https://vizhub.healthdata.org/gbd-results/php/default_data.php?start_year=1990&version=8352,2026-06-11,Real GBD Results Tool default data endpoint output; use for workflow demonstration with IHME/GHDx citation and query metadata.
GBD 2023,8352,Deaths,1,Percent,2,All causes,294,Global,1,All ages,22,Both,3,2017,1,1,1,https://vizhub.healthdata.org/gbd-results/php/default_data.php?start_year=1990&version=8352,2026-06-11,Real GBD Results Tool default data endpoint output; use for workflow demonstration with IHME/GHDx citation and query metadata.
GBD 2023,8352,Deaths,1,Rate,3,All causes,294,Global,1,All ages,22,Both,3,2017,0.0072930279072405966,0.007346469630803216,0.007238492624427405,https://vizhub.healthdata.org/gbd-results/php/default_data.php?start_year=1990&version=8352,2026-06-11,Real GBD Results Tool default data endpoint output; use for workflow demonstration with IHME/GHDx citation and query metadata.
GBD 2023,8352,Deaths,1,Number,1,All causes,294,Global,1,All ages,22,Both,3,2018,55453593.86568615,55856748.05540948,55063747.66535848,https://vizhub.healthdata.org/gbd-results/php/default_data.php?start_year=1990&version=8352,2026-06-11,Real GBD Results Tool default data endpoint output; use for workflow demonstration with IHME/GHDx citation and query metadata.
GBD 2023,8352,Deaths,1,Percent,2,All causes,294,Global,1,All ages,22,Both,3,2018,1,1,1,https://vizhub.healthdata.org/gbd-results/php/default_data.php?start_year=1990&version=8352,2026-06-11,Real GBD Results Tool default data endpoint output; use for workflow demonstration with IHME/GHDx citation and query metadata.
GBD 2023,8352,Deaths,1,Rate,3,All causes,294,Global,1,All ages,22,Both,3,2018,0.007217541232005635,0.007270013610878533,0.0071668009493862485,https://vizhub.healthdata.org/gbd-results/php/default_data.php?start_year=1990&version=8352,2026-06-11,Real GBD Results Tool default data endpoint output; use for workflow demonstration with IHME/GHDx citation and query metadata.
GBD 2023,8352,Deaths,1,Number,1,All causes,294,Global,1,All ages,22,Both,3,2019,55159817.30207495,55495519.41349046,54839903.11912642,https://vizhub.healthdata.org/gbd-results/php/default_data.php?start_year=1990&version=8352,2026-06-11,Real GBD Results Tool default data endpoint output; use for workflow demonstration with IHME/GHDx citation and query metadata.
GBD 2023,8352,Deaths,1,Percent,2,All causes,294,Global,1,All ages,22,Both,3,2019,1,1,1,https://vizhub.healthdata.org/gbd-results/php/default_data.php?start_year=1990&version=8352,2026-06-11,Real GBD Results Tool default data endpoint output; use for workflow demonstration with IHME/GHDx citation and query metadata.
GBD 2023,8352,Deaths,1,Rate,3,All causes,294,Global,1,All ages,22,Both,3,2019,0.007099883942213552,0.0071430937668065875,0.00705870625741515,https://vizhub.healthdata.org/gbd-results/php/default_data.php?start_year=1990&version=8352,2026-06-11,Real GBD Results Tool default data endpoint output; use for workflow demonstration with IHME/GHDx citation and query metadata.
GBD 2023,8352,Deaths,1,Number,1,All causes,294,Global,1,All ages,22,Both,3,2020,60149423.06948474,60348027.69329317,59942451.03505639,https://vizhub.healthdata.org/gbd-results/php/default_data.php?start_year=1990&version=8352,2026-06-11,Real GBD Results Tool default data endpoint output; use for workflow demonstration with IHME/GHDx citation and query metadata.
GBD 2023,8352,Deaths,1,Percent,2,All causes,294,Global,1,All ages,22,Both,3,2020,1,1,1,https://vizhub.healthdata.org/gbd-results/php/default_data.php?start_year=1990&version=8352,2026-06-11,Real GBD Results Tool default data endpoint output; use for workflow demonstration with IHME/GHDx citation and query metadata.
GBD 2023,8352,Deaths,1,Rate,3,All causes,294,Global,1,All ages,22,Both,3,2020,0.007662525360261258,0.007687825901628704,0.007636158881885567,https://vizhub.healthdata.org/gbd-results/php/default_data.php?start_year=1990&version=8352,2026-06-11,Real GBD Results Tool default data endpoint output; use for workflow demonstration with IHME/GHDx citation and query metadata.
GBD 2023,8352,Deaths,1,Number,1,All causes,294,Global,1,All ages,22,Both,3,2021,65932516.135529526,66248253.31299224,65619812.89067457,https://vizhub.healthdata.org/gbd-results/php/default_data.php?start_year=1990&version=8352,2026-06-11,Real GBD Results Tool default data endpoint output; use for workflow demonstration with IHME/GHDx citation and query metadata.
GBD 2023,8352,Deaths,1,Percent,2,All causes,294,Global,1,All ages,22,Both,3,2021,1,1,1,https://vizhub.healthdata.org/gbd-results/php/default_data.php?start_year=1990&version=8352,2026-06-11,Real GBD Results Tool default data endpoint output; use for workflow demonstration with IHME/GHDx citation and query metadata.
GBD 2023,8352,Deaths,1,Rate,3,All causes,294,Global,1,All ages,22,Both,3,2021,0.008321909224479078,0.008361761125841943,0.008282440261812265,https://vizhub.healthdata.org/gbd-results/php/default_data.php?start_year=1990&version=8352,2026-06-11,Real GBD Results Tool default data endpoint output; use for workflow demonstration with IHME/GHDx citation and query metadata.
GBD 2023,8352,Deaths,1,Number,1,All causes,294,Global,1,All ages,22,Both,3,2022,60777800.591417566,61718745.224351056,59945744.931595206,https://vizhub.healthdata.org/gbd-results/php/default_data.php?start_year=1990&version=8352,2026-06-11,Real GBD Results Tool default data endpoint output; use for workflow demonstration with IHME/GHDx citation and query metadata.
GBD 2023,8352,Deaths,1,Percent,2,All causes,294,Global,1,All ages,22,Both,3,2022,1,1,1,https://vizhub.healthdata.org/gbd-results/php/default_data.php?start_year=1990&version=8352,2026-06-11,Real GBD Results Tool default data endpoint output; use for workflow demonstration with IHME/GHDx citation and query metadata.
GBD 2023,8352,Deaths,1,Rate,3,All causes,294,Global,1,All ages,22,Both,3,2022,0.007602146114324852,0.007719840379590198,0.007498071787191116,https://vizhub.healthdata.org/gbd-results/php/default_data.php?start_year=1990&version=8352,2026-06-11,Real GBD Results Tool default data endpoint output; use for workflow demonstration with IHME/GHDx citation and query metadata.
GBD 2023,8352,Deaths,1,Number,1,All causes,294,Global,1,All ages,22,Both,3,2023,60043088.86146642,61239779.90044624,59045446.995901234,https://vizhub.healthdata.org/gbd-results/php/default_data.php?start_year=1990&version=8352,2026-06-11,Real GBD Results Tool default data endpoint output; use for workflow demonstration with IHME/GHDx citation and query metadata.
GBD 2023,8352,Deaths,1,Percent,2,All causes,294,Global,1,All ages,22,Both,3,2023,1,1,1,https://vizhub.healthdata.org/gbd-results/php/default_data.php?start_year=1990&version=8352,2026-06-11,Real GBD Results Tool default data endpoint output; use for workflow demonstration with IHME/GHDx citation and query metadata.
GBD 2023,8352,Deaths,1,Rate,3,All causes,294,Global,1,All ages,22,Both,3,2023,0.007444132752036382,0.007592498319602227,0.007320445269811882,https://vizhub.healthdata.org/gbd-results/php/default_data.php?start_year=1990&version=8352,2026-06-11,Real GBD Results Tool default data endpoint output; use for workflow demonstration with IHME/GHDx citation and query metadata.
GBD 2023,8352,DALYs,2,Number,1,All causes,294,Global,1,All ages,22,Both,3,1990,2741612915.302581,2900167403.4165382,2599879249.0753536,https://vizhub.healthdata.org/gbd-results/php/default_data.php?start_year=1990&version=8352,2026-06-11,Real GBD Results Tool default data endpoint output; use for workflow demonstration with IHME/GHDx citation and query metadata.
GBD 2023,8352,DALYs,2,Percent,2,All causes,294,Global,1,All ages,22,Both,3,1990,1,1,1,https://vizhub.healthdata.org/gbd-results/php/default_data.php?start_year=1990&version=8352,2026-06-11,Real GBD Results Tool default data endpoint output; use for workflow demonstration with IHME/GHDx citation and query metadata.
GBD 2023,8352,DALYs,2,Rate,3,All causes,294,Global,1,All ages,22,Both,3,1990,0.5137861905662745,0.5434997602648127,0.4872248915442927,https://vizhub.healthdata.org/gbd-results/php/default_data.php?start_year=1990&version=8352,2026-06-11,Real GBD Results Tool default data endpoint output; use for workflow demonstration with IHME/GHDx citation and query metadata.
GBD 2023,8352,DALYs,2,Number,1,All causes,294,Global,1,All ages,22,Both,3,1991,2749405039.957313,2915383354.1065884,2607510759.976934,https://vizhub.healthdata.org/gbd-results/php/default_data.php?start_year=1990&version=8352,2026-06-11,Real GBD Results Tool default data endpoint output; use for workflow demonstration with IHME/GHDx citation and query metadata.
GBD 2023,8352,DALYs,2,Percent,2,All causes,294,Global,1,All ages,22,Both,3,1991,1,1,1,https://vizhub.healthdata.org/gbd-results/php/default_data.php?start_year=1990&version=8352,2026-06-11,Real GBD Results Tool default data endpoint output; use for workflow demonstration with IHME/GHDx citation and query metadata.
GBD 2023,8352,DALYs,2,Rate,3,All causes,294,Global,1,All ages,22,Both,3,1991,0.5073515426709617,0.5379797522325718,0.48116759348996035,https://vizhub.healthdata.org/gbd-results/php/default_data.php?start_year=1990&version=8352,2026-06-11,Real GBD Results Tool default data endpoint output; use for workflow demonstration with IHME/GHDx citation and query metadata.
GBD 2023,8352,DALYs,2,Number,1,All causes,294,Global,1,All ages,22,Both,3,1992,2735364397.0852523,2903049122.12862,2591003387.45147,https://vizhub.healthdata.org/gbd-results/php/default_data.php?start_year=1990&version=8352,2026-06-11,Real GBD Results Tool default data endpoint output; use for workflow demonstration with IHME/GHDx citation and query metadata.
GBD 2023,8352,DALYs,2,Percent,2,All causes,294,Global,1,All ages,22,Both,3,1992,1,1,1,https://vizhub.healthdata.org/gbd-results/php/default_data.php?start_year=1990&version=8352,2026-06-11,Real GBD Results Tool default data endpoint output; use for workflow demonstration with IHME/GHDx citation and query metadata.
GBD 2023,8352,DALYs,2,Rate,3,All causes,294,Global,1,All ages,22,Both,3,1992,0.49733419380262284,0.5278220321437677,0.47108699016889366,https://vizhub.healthdata.org/gbd-results/php/default_data.php?start_year=1990&version=8352,2026-06-11,Real GBD Results Tool default data endpoint output; use for workflow demonstration with IHME/GHDx citation and query metadata.
GBD 2023,8352,DALYs,2,Number,1,All causes,294,Global,1,All ages,22,Both,3,1993,2746343066.314871,2915287616.470166,2599728028.357472,https://vizhub.healthdata.org/gbd-results/php/default_data.php?start_year=1990&version=8352,2026-06-11,Real GBD Results Tool default data endpoint output; use for workflow demonstration with IHME/GHDx citation and query metadata.
GBD 2023,8352,DALYs,2,Percent,2,All causes,294,Global,1,All ages,22,Both,3,1993,1,1,1,https://vizhub.healthdata.org/gbd-results/php/default_data.php?start_year=1990&version=8352,2026-06-11,Real GBD Results Tool default data endpoint output; use for workflow demonstration with IHME/GHDx citation and query metadata.
GBD 2023,8352,DALYs,2,Rate,3,All causes,294,Global,1,All ages,22,Both,3,1993,0.49216779796389015,0.522444083635478,0.46589314886234545,https://vizhub.healthdata.org/gbd-results/php/default_data.php?start_year=1990&version=8352,2026-06-11,Real GBD Results Tool default data endpoint output; use for workflow demonstration with IHME/GHDx citation and query metadata.
GBD 2023,8352,DALYs,2,Number,1,All causes,294,Global,1,All ages,22,Both,3,1994,2807208505.6879277,2986819452.0890803,2654814546.0325804,https://vizhub.healthdata.org/gbd-results/php/default_data.php?start_year=1990&version=8352,2026-06-11,Real GBD Results Tool default data endpoint output; use for workflow demonstration with IHME/GHDx citation and query metadata.
GBD 2023,8352,DALYs,2,Percent,2,All causes,294,Global,1,All ages,22,Both,3,1994,1,1,1,https://vizhub.healthdata.org/gbd-results/php/default_data.php?start_year=1990&version=8352,2026-06-11,Real GBD Results Tool default data endpoint output; use for workflow demonstration with IHME/GHDx citation and query metadata.
GBD 2023,8352,DALYs,2,Rate,3,All causes,294,Global,1,All ages,22,Both,3,1994,0.4962027125521029,0.5279507778018776,0.46926552708678326,https://vizhub.healthdata.org/gbd-results/php/default_data.php?start_year=1990&version=8352,2026-06-11,Real GBD Results Tool default data endpoint output; use for workflow demonstration with IHME/GHDx citation and query metadata.
GBD 2023,8352,DALYs,2,Number,1,All causes,294,Global,1,All ages,22,Both,3,1996,2758559257.072742,2939227983.881215,2606061881.761929,https://vizhub.healthdata.org/gbd-results/php/default_data.php?start_year=1990&version=8352,2026-06-11,Real GBD Results Tool default data endpoint output; use for workflow demonstration with IHME/GHDx citation and query metadata.
GBD 2023,8352,DALYs,2,Percent,2,All causes,294,Global,1,All ages,22,Both,3,1996,1,1,1,https://vizhub.healthdata.org/gbd-results/php/default_data.php?start_year=1990&version=8352,2026-06-11,Real GBD Results Tool default data endpoint output; use for workflow demonstration with IHME/GHDx citation and query metadata.
GBD 2023,8352,DALYs,2,Rate,3,All causes,294,Global,1,All ages,22,Both,3,1996,0.47503911764662154,0.5061512687992158,0.44877822858819805,https://vizhub.healthdata.org/gbd-results/php/default_data.php?start_year=1990&version=8352,2026-06-11,Real GBD Results Tool default data endpoint output; use for workflow demonstration with IHME/GHDx citation and query metadata.
GBD 2023,8352,DALYs,2,Number,1,All causes,294,Global,1,All ages,22,Both,3,1995,2760996633.374021,2939551526.1913958,2610641216.1602783,https://vizhub.healthdata.org/gbd-results/php/default_data.php?start_year=1990&version=8352,2026-06-11,Real GBD Results Tool default data endpoint output; use for workflow demonstration with IHME/GHDx citation and query metadata.
GBD 2023,8352,DALYs,2,Percent,2,All causes,294,Global,1,All ages,22,Both,3,1995,1,1,1,https://vizhub.healthdata.org/gbd-results/php/default_data.php?start_year=1990&version=8352,2026-06-11,Real GBD Results Tool default data endpoint output; use for workflow demonstration with IHME/GHDx citation and query metadata.
GBD 2023,8352,DALYs,2,Rate,3,All causes,294,Global,1,All ages,22,Both,3,1995,0.4816592746508608,0.5128083963557578,0.4554295863131028,https://vizhub.healthdata.org/gbd-results/php/default_data.php?start_year=1990&version=8352,2026-06-11,Real GBD Results Tool default data endpoint output; use for workflow demonstration with IHME/GHDx citation and query metadata.
GBD 2023,8352,DALYs,2,Number,1,All causes,294,Global,1,All ages,22,Both,3,1997,2747761318.011553,2927801788.0422635,2590804599.58617,https://vizhub.healthdata.org/gbd-results/php/default_data.php?start_year=1990&version=8352,2026-06-11,Real GBD Results Tool default data endpoint output; use for workflow demonstration with IHME/GHDx citation and query metadata.
GBD 2023,8352,DALYs,2,Percent,2,All causes,294,Global,1,All ages,22,Both,3,1997,1,1,1,https://vizhub.healthdata.org/gbd-results/php/default_data.php?start_year=1990&version=8352,2026-06-11,Real GBD Results Tool default data endpoint output; use for workflow demonstration with IHME/GHDx citation and query metadata.
GBD 2023,8352,DALYs,2,Rate,3,All causes,294,Global,1,All ages,22,Both,3,1997,0.46714047772701656,0.4977487371231442,0.4404566329741698,https://vizhub.healthdata.org/gbd-results/php/default_data.php?start_year=1990&version=8352,2026-06-11,Real GBD Results Tool default data endpoint output; use for workflow demonstration with IHME/GHDx citation and query metadata.
GBD 2023,8352,DALYs,2,Number,1,All causes,294,Global,1,All ages,22,Both,3,1998,2746473628.7088494,2927525173.438613,2584099617.847094,https://vizhub.healthdata.org/gbd-results/php/default_data.php?start_year=1990&version=8352,2026-06-11,Real GBD Results Tool default data endpoint output; use for workflow demonstration with IHME/GHDx citation and query metadata.
GBD 2023,8352,DALYs,2,Percent,2,All causes,294,Global,1,All ages,22,Both,3,1998,1,1,1,https://vizhub.healthdata.org/gbd-results/php/default_data.php?start_year=1990&version=8352,2026-06-11,Real GBD Results Tool default data endpoint output; use for workflow demonstration with IHME/GHDx citation and query metadata.
GBD 2023,8352,DALYs,2,Rate,3,All causes,294,Global,1,All ages,22,Both,3,1998,0.46103731466130454,0.49142956642915897,0.43378037064554087,https://vizhub.healthdata.org/gbd-results/php/default_data.php?start_year=1990&version=8352,2026-06-11,Real GBD Results Tool default data endpoint output; use for workflow demonstration with IHME/GHDx citation and query metadata.
GBD 2023,8352,DALYs,2,Number,1,All causes,294,Global,1,All ages,22,Both,3,1999,2742360845.162711,2924873709.1927557,2583360280.431536,https://vizhub.healthdata.org/gbd-results/php/default_data.php?start_year=1990&version=8352,2026-06-11,Real GBD Results Tool default data endpoint output; use for workflow demonstration with IHME/GHDx citation and query metadata.
GBD 2023,8352,DALYs,2,Percent,2,All causes,294,Global,1,All ages,22,Both,3,1999,1,1,1,https://vizhub.healthdata.org/gbd-results/php/default_data.php?start_year=1990&version=8352,2026-06-11,Real GBD Results Tool default data endpoint output; use for workflow demonstration with IHME/GHDx citation and query metadata.
GBD 2023,8352,DALYs,2,Rate,3,All causes,294,Global,1,All ages,22,Both,3,1999,0.454611556457863,0.4848674060250844,0.42825342990510823,https://vizhub.healthdata.org/gbd-results/php/default_data.php?start_year=1990&version=8352,2026-06-11,Real GBD Results Tool default data endpoint output; use for workflow demonstration with IHME/GHDx citation and query metadata.
GBD 2023,8352,DALYs,2,Number,1,All causes,294,Global,1,All ages,22,Both,3,2000,2729512711.5849824,2910686085.99916,2565963067.411395,https://vizhub.healthdata.org/gbd-results/php/default_data.php?start_year=1990&version=8352,2026-06-11,Real GBD Results Tool default data endpoint output; use for workflow demonstration with IHME/GHDx citation and query metadata.
GBD 2023,8352,DALYs,2,Percent,2,All causes,294,Global,1,All ages,22,Both,3,2000,1,1,1,https://vizhub.healthdata.org/gbd-results/php/default_data.php?start_year=1990&version=8352,2026-06-11,Real GBD Results Tool default data endpoint output; use for workflow demonstration with IHME/GHDx citation and query metadata.
GBD 2023,8352,DALYs,2,Rate,3,All causes,294,Global,1,All ages,22,Both,3,2000,0.44685128262035645,0.4765113587174642,0.4200764051996052,https://vizhub.healthdata.org/gbd-results/php/default_data.php?start_year=1990&version=8352,2026-06-11,Real GBD Results Tool default data endpoint output; use for workflow demonstration with IHME/GHDx citation and query metadata.
GBD 2023,8352,DALYs,2,Number,1,All causes,294,Global,1,All ages,22,Both,3,2001,2716787036.332418,2904857806.794733,2553349155.0511327,https://vizhub.healthdata.org/gbd-results/php/default_data.php?start_year=1990&version=8352,2026-06-11,Real GBD Results Tool default data endpoint output; use for workflow demonstration with IHME/GHDx citation and query metadata.
GBD 2023,8352,DALYs,2,Percent,2,All causes,294,Global,1,All ages,22,Both,3,2001,1,1,1,https://vizhub.healthdata.org/gbd-results/php/default_data.php?start_year=1990&version=8352,2026-06-11,Real GBD Results Tool default data endpoint output; use for workflow demonstration with IHME/GHDx citation and query metadata.
GBD 2023,8352,DALYs,2,Rate,3,All causes,294,Global,1,All ages,22,Both,3,2001,0.4391939697535114,0.4695973643403217,0.412772711506883,https://vizhub.healthdata.org/gbd-results/php/default_data.php?start_year=1990&version=8352,2026-06-11,Real GBD Results Tool default data endpoint output; use for workflow demonstration with IHME/GHDx citation and query metadata.
GBD 2023,8352,DALYs,2,Number,1,All causes,294,Global,1,All ages,22,Both,3,2002,2711835841.1703253,2899839334.895952,2540977565.3755403,https://vizhub.healthdata.org/gbd-results/php/default_data.php?start_year=1990&version=8352,2026-06-11,Real GBD Results Tool default data endpoint output; use for workflow demonstration with IHME/GHDx citation and query metadata.
GBD 2023,8352,DALYs,2,Percent,2,All causes,294,Global,1,All ages,22,Both,3,2002,1,1,1,https://vizhub.healthdata.org/gbd-results/php/default_data.php?start_year=1990&version=8352,2026-06-11,Real GBD Results Tool default data endpoint output; use for workflow demonstration with IHME/GHDx citation and query metadata.
GBD 2023,8352,DALYs,2,Rate,3,All causes,294,Global,1,All ages,22,Both,3,2002,0.43287021019631355,0.46287981129795425,0.40559737286809605,https://vizhub.healthdata.org/gbd-results/php/default_data.php?start_year=1990&version=8352,2026-06-11,Real GBD Results Tool default data endpoint output; use for workflow demonstration with IHME/GHDx citation and query metadata.
GBD 2023,8352,DALYs,2,Number,1,All causes,294,Global,1,All ages,22,Both,3,2003,2704662226.411741,2895434877.2533636,2534220039.5511885,https://vizhub.healthdata.org/gbd-results/php/default_data.php?start_year=1990&version=8352,2026-06-11,Real GBD Results Tool default data endpoint output; use for workflow demonstration with IHME/GHDx citation and query metadata.
GBD 2023,8352,DALYs,2,Percent,2,All causes,294,Global,1,All ages,22,Both,3,2003,1,1,1,https://vizhub.healthdata.org/gbd-results/php/default_data.php?start_year=1990&version=8352,2026-06-11,Real GBD Results Tool default data endpoint output; use for workflow demonstration with IHME/GHDx citation and query metadata.
GBD 2023,8352,DALYs,2,Rate,3,All causes,294,Global,1,All ages,22,Both,3,2003,0.4262337923451957,0.45629808268426997,0.3993734254676783,https://vizhub.healthdata.org/gbd-results/php/default_data.php?start_year=1990&version=8352,2026-06-11,Real GBD Results Tool default data endpoint output; use for workflow demonstration with IHME/GHDx citation and query metadata.
GBD 2023,8352,DALYs,2,Number,1,All causes,294,Global,1,All ages,22,Both,3,2006,2655173152.9396853,2860866753.209697,2476578186.164331,https://vizhub.healthdata.org/gbd-results/php/default_data.php?start_year=1990&version=8352,2026-06-11,Real GBD Results Tool default data endpoint output; use for workflow demonstration with IHME/GHDx citation and query metadata.
GBD 2023,8352,DALYs,2,Percent,2,All causes,294,Global,1,All ages,22,Both,3,2006,1,1,1,https://vizhub.healthdata.org/gbd-results/php/default_data.php?start_year=1990&version=8352,2026-06-11,Real GBD Results Tool default data endpoint output; use for workflow demonstration with IHME/GHDx citation and query metadata.
GBD 2023,8352,DALYs,2,Rate,3,All causes,294,Global,1,All ages,22,Both,3,2006,0.402389820925655,0.4335625566421811,0.3753238660671585,https://vizhub.healthdata.org/gbd-results/php/default_data.php?start_year=1990&version=8352,2026-06-11,Real GBD Results Tool default data endpoint output; use for workflow demonstration with IHME/GHDx citation and query metadata.
GBD 2023,8352,DALYs,2,Number,1,All causes,294,Global,1,All ages,22,Both,3,2004,2698101360.185738,2893995706.9933486,2522360334.1909575,https://vizhub.healthdata.org/gbd-results/php/default_data.php?start_year=1990&version=8352,2026-06-11,Real GBD Results Tool default data endpoint output; use for workflow demonstration with IHME/GHDx citation and query metadata.
GBD 2023,8352,DALYs,2,Percent,2,All causes,294,Global,1,All ages,22,Both,3,2004,1,1,1,https://vizhub.healthdata.org/gbd-results/php/default_data.php?start_year=1990&version=8352,2026-06-11,Real GBD Results Tool default data endpoint output; use for workflow demonstration with IHME/GHDx citation and query metadata.
GBD 2023,8352,DALYs,2,Rate,3,All causes,294,Global,1,All ages,22,Both,3,2004,0.41976219499626727,0.45023882653306857,0.392420954258971,https://vizhub.healthdata.org/gbd-results/php/default_data.php?start_year=1990&version=8352,2026-06-11,Real GBD Results Tool default data endpoint output; use for workflow demonstration with IHME/GHDx citation and query metadata.
GBD 2023,8352,DALYs,2,Number,1,All causes,294,Global,1,All ages,22,Both,3,2007,2647566469.5982957,2859411914.8015933,2470828579.472148,https://vizhub.healthdata.org/gbd-results/php/default_data.php?start_year=1990&version=8352,2026-06-11,Real GBD Results Tool default data endpoint output; use for workflow demonstration with IHME/GHDx citation and query metadata.
GBD 2023,8352,DALYs,2,Percent,2,All causes,294,Global,1,All ages,22,Both,3,2007,1,1,1,https://vizhub.healthdata.org/gbd-results/php/default_data.php?start_year=1990&version=8352,2026-06-11,Real GBD Results Tool default data endpoint output; use for workflow demonstration with IHME/GHDx citation and query metadata.
GBD 2023,8352,DALYs,2,Rate,3,All causes,294,Global,1,All ages,22,Both,3,2007,0.39590321645061166,0.4275814742429926,0.36947475847869454,https://vizhub.healthdata.org/gbd-results/php/default_data.php?start_year=1990&version=8352,2026-06-11,Real GBD Results Tool default data endpoint output; use for workflow demonstration with IHME/GHDx citation and query metadata.
GBD 2023,8352,DALYs,2,Number,1,All causes,294,Global,1,All ages,22,Both,3,2005,2673802121.1652555,2874982011.4524994,2497270539.995643,https://vizhub.healthdata.org/gbd-results/php/default_data.php?start_year=1990&version=8352,2026-06-11,Real GBD Results Tool default data endpoint output; use for workflow demonstration with IHME/GHDx citation and query metadata.
GBD 2023,8352,DALYs,2,Percent,2,All causes,294,Global,1,All ages,22,Both,3,2005,1,1,1,https://vizhub.healthdata.org/gbd-results/php/default_data.php?start_year=1990&version=8352,2026-06-11,Real GBD Results Tool default data endpoint output; use for workflow demonstration with IHME/GHDx citation and query metadata.
GBD 2023,8352,DALYs,2,Rate,3,All causes,294,Global,1,All ages,22,Both,3,2005,0.4105707125021773,0.44146251644028917,0.38346373383452775,https://vizhub.healthdata.org/gbd-results/php/default_data.php?start_year=1990&version=8352,2026-06-11,Real GBD Results Tool default data endpoint output; use for workflow demonstration with IHME/GHDx citation and query metadata.
GBD 2023,8352,DALYs,2,Number,1,All causes,294,Global,1,All ages,22,Both,3,2008,2651602638.3640375,2869367102.725969,2476021871.3586836,https://vizhub.healthdata.org/gbd-results/php/default_data.php?start_year=1990&version=8352,2026-06-11,Real GBD Results Tool default data endpoint output; use for workflow demonstration with IHME/GHDx citation and query metadata.
GBD 2023,8352,DALYs,2,Percent,2,All causes,294,Global,1,All ages,22,Both,3,2008,1,1,1,https://vizhub.healthdata.org/gbd-results/php/default_data.php?start_year=1990&version=8352,2026-06-11,Real GBD Results Tool default data endpoint output; use for workflow demonstration with IHME/GHDx citation and query metadata.
GBD 2023,8352,DALYs,2,Rate,3,All causes,294,Global,1,All ages,22,Both,3,2008,0.3912304465237931,0.42336048267502263,0.3653243997871385,https://vizhub.healthdata.org/gbd-results/php/default_data.php?start_year=1990&version=8352,2026-06-11,Real GBD Results Tool default data endpoint output; use for workflow demonstration with IHME/GHDx citation and query metadata.
GBD 2023,8352,DALYs,2,Number,1,All causes,294,Global,1,All ages,22,Both,3,2009,2627920103.2574573,2845942408.032886,2447091926.4160376,https://vizhub.healthdata.org/gbd-results/php/default_data.php?start_year=1990&version=8352,2026-06-11,Real GBD Results Tool default data endpoint output; use for workflow demonstration with IHME/GHDx citation and query metadata.
GBD 2023,8352,DALYs,2,Percent,2,All causes,294,Global,1,All ages,22,Both,3,2009,1,1,1,https://vizhub.healthdata.org/gbd-results/php/default_data.php?start_year=1990&version=8352,2026-06-11,Real GBD Results Tool default data endpoint output; use for workflow demonstration with IHME/GHDx citation and query metadata.
GBD 2023,8352,DALYs,2,Rate,3,All causes,294,Global,1,All ages,22,Both,3,2009,0.38247082302501695,0.4142020656308731,0.3561528609465954,https://vizhub.healthdata.org/gbd-results/php/default_data.php?start_year=1990&version=8352,2026-06-11,Real GBD Results Tool default data endpoint output; use for workflow demonstration with IHME/GHDx citation and query metadata.
GBD 2023,8352,DALYs,2,Number,1,All causes,294,Global,1,All ages,22,Both,3,2010,2638949129.0562797,2859294553.698013,2456366486.442173,https://vizhub.healthdata.org/gbd-results/php/default_data.php?start_year=1990&version=8352,2026-06-11,Real GBD Results Tool default data endpoint output; use for workflow demonstration with IHME/GHDx citation and query metadata.
GBD 2023,8352,DALYs,2,Percent,2,All causes,294,Global,1,All ages,22,Both,3,2010,1,1,1,https://vizhub.healthdata.org/gbd-results/php/default_data.php?start_year=1990&version=8352,2026-06-11,Real GBD Results Tool default data endpoint output; use for workflow demonstration with IHME/GHDx citation and query metadata.
GBD 2023,8352,DALYs,2,Rate,3,All causes,294,Global,1,All ages,22,Both,3,2010,0.37898443383918856,0.4106286535353699,0.3527633980950418,https://vizhub.healthdata.org/gbd-results/php/default_data.php?start_year=1990&version=8352,2026-06-11,Real GBD Results Tool default data endpoint output; use for workflow demonstration with IHME/GHDx citation and query metadata.
GBD 2023,8352,DALYs,2,Number,1,All causes,294,Global,1,All ages,22,Both,3,2011,2621644538.5348682,2848458308.4633303,2432091252.912492,https://vizhub.healthdata.org/gbd-results/php/default_data.php?start_year=1990&version=8352,2026-06-11,Real GBD Results Tool default data endpoint output; use for workflow demonstration with IHME/GHDx citation and query metadata.
GBD 2023,8352,DALYs,2,Percent,2,All causes,294,Global,1,All ages,22,Both,3,2011,1,1,1,https://vizhub.healthdata.org/gbd-results/php/default_data.php?start_year=1990&version=8352,2026-06-11,Real GBD Results Tool default data endpoint output; use for workflow demonstration with IHME/GHDx citation and query metadata.
GBD 2023,8352,DALYs,2,Rate,3,All causes,294,Global,1,All ages,22,Both,3,2011,0.3718048736806501,0.4039718832953152,0.3449221920734916,https://vizhub.healthdata.org/gbd-results/php/default_data.php?start_year=1990&version=8352,2026-06-11,Real GBD Results Tool default data endpoint output; use for workflow demonstration with IHME/GHDx citation and query metadata.
GBD 2023,8352,DALYs,2,Number,1,All causes,294,Global,1,All ages,22,Both,3,2014,2622100393.1368985,2853955650.4960527,2423987098.4767933,https://vizhub.healthdata.org/gbd-results/php/default_data.php?start_year=1990&version=8352,2026-06-11,Real GBD Results Tool default data endpoint output; use for workflow demonstration with IHME/GHDx citation and query metadata.
GBD 2023,8352,DALYs,2,Percent,2,All causes,294,Global,1,All ages,22,Both,3,2014,1,1,1,https://vizhub.healthdata.org/gbd-results/php/default_data.php?start_year=1990&version=8352,2026-06-11,Real GBD Results Tool default data endpoint output; use for workflow demonstration with IHME/GHDx citation and query metadata.
GBD 2023,8352,DALYs,2,Rate,3,All causes,294,Global,1,All ages,22,Both,3,2014,0.35813969719533906,0.3898076576903281,0.33108038415543706,https://vizhub.healthdata.org/gbd-results/php/default_data.php?start_year=1990&version=8352,2026-06-11,Real GBD Results Tool default data endpoint output; use for workflow demonstration with IHME/GHDx citation and query metadata.
GBD 2023,8352,DALYs,2,Number,1,All causes,294,Global,1,All ages,22,Both,3,2012,2615034452.8695426,2845254829.3146315,2423228637.0545697,https://vizhub.healthdata.org/gbd-results/php/default_data.php?start_year=1990&version=8352,2026-06-11,Real GBD Results Tool default data endpoint output; use for workflow demonstration with IHME/GHDx citation and query metadata.
GBD 2023,8352,DALYs,2,Percent,2,All causes,294,Global,1,All ages,22,Both,3,2012,1,1,1,https://vizhub.healthdata.org/gbd-results/php/default_data.php?start_year=1990&version=8352,2026-06-11,Real GBD Results Tool default data endpoint output; use for workflow demonstration with IHME/GHDx citation and query metadata.
GBD 2023,8352,DALYs,2,Rate,3,All causes,294,Global,1,All ages,22,Both,3,2012,0.3662680807063925,0.39851330612876396,0.339403292003596,https://vizhub.healthdata.org/gbd-results/php/default_data.php?start_year=1990&version=8352,2026-06-11,Real GBD Results Tool default data endpoint output; use for workflow demonstration with IHME/GHDx citation and query metadata.
GBD 2023,8352,DALYs,2,Number,1,All causes,294,Global,1,All ages,22,Both,3,2013,2615214524.218213,2844850282.8517103,2420776446.8566203,https://vizhub.healthdata.org/gbd-results/php/default_data.php?start_year=1990&version=8352,2026-06-11,Real GBD Results Tool default data endpoint output; use for workflow demonstration with IHME/GHDx citation and query metadata.
GBD 2023,8352,DALYs,2,Percent,2,All causes,294,Global,1,All ages,22,Both,3,2013,1,1,1,https://vizhub.healthdata.org/gbd-results/php/default_data.php?start_year=1990&version=8352,2026-06-11,Real GBD Results Tool default data endpoint output; use for workflow demonstration with IHME/GHDx citation and query metadata.
GBD 2023,8352,DALYs,2,Rate,3,All causes,294,Global,1,All ages,22,Both,3,2013,0.3616961554078219,0.3934558333511538,0.33480447811125275,https://vizhub.healthdata.org/gbd-results/php/default_data.php?start_year=1990&version=8352,2026-06-11,Real GBD Results Tool default data endpoint output; use for workflow demonstration with IHME/GHDx citation and query metadata.
GBD 2023,8352,DALYs,2,Number,1,All causes,294,Global,1,All ages,22,Both,3,2015,2638410034.219938,2876754759.4324036,2433584608.015057,https://vizhub.healthdata.org/gbd-results/php/default_data.php?start_year=1990&version=8352,2026-06-11,Real GBD Results Tool default data endpoint output; use for workflow demonstration with IHME/GHDx citation and query metadata.
GBD 2023,8352,DALYs,2,Percent,2,All causes,294,Global,1,All ages,22,Both,3,2015,1,1,1,https://vizhub.healthdata.org/gbd-results/php/default_data.php?start_year=1990&version=8352,2026-06-11,Real GBD Results Tool default data endpoint output; use for workflow demonstration with IHME/GHDx citation and query metadata.
GBD 2023,8352,DALYs,2,Rate,3,All causes,294,Global,1,All ages,22,Both,3,2015,0.35589418838725684,0.38804442335289757,0.3282653597083168,https://vizhub.healthdata.org/gbd-results/php/default_data.php?start_year=1990&version=8352,2026-06-11,Real GBD Results Tool default data endpoint output; use for workflow demonstration with IHME/GHDx citation and query metadata.
GBD 2023,8352,DALYs,2,Number,1,All causes,294,Global,1,All ages,22,Both,3,2016,2651053135.5790877,2893480518.572585,2440305298.593606,https://vizhub.healthdata.org/gbd-results/php/default_data.php?start_year=1990&version=8352,2026-06-11,Real GBD Results Tool default data endpoint output; use for workflow demonstration with IHME/GHDx citation and query metadata.
GBD 2023,8352,DALYs,2,Percent,2,All causes,294,Global,1,All ages,22,Both,3,2016,1,1,1,https://vizhub.healthdata.org/gbd-results/php/default_data.php?start_year=1990&version=8352,2026-06-11,Real GBD Results Tool default data endpoint output; use for workflow demonstration with IHME/GHDx citation and query metadata.
GBD 2023,8352,DALYs,2,Rate,3,All causes,294,Global,1,All ages,22,Both,3,2016,0.3532719095963748,0.3855771030982235,0.3251882435936173,https://vizhub.healthdata.org/gbd-results/php/default_data.php?start_year=1990&version=8352,2026-06-11,Real GBD Results Tool default data endpoint output; use for workflow demonstration with IHME/GHDx citation and query metadata.
GBD 2023,8352,DALYs,2,Number,1,All causes,294,Global,1,All ages,22,Both,3,2017,2657264454.2523475,2906417762.825698,2448804579.4728074,https://vizhub.healthdata.org/gbd-results/php/default_data.php?start_year=1990&version=8352,2026-06-11,Real GBD Results Tool default data endpoint output; use for workflow demonstration with IHME/GHDx citation and query metadata.
GBD 2023,8352,DALYs,2,Percent,2,All causes,294,Global,1,All ages,22,Both,3,2017,1,1,1,https://vizhub.healthdata.org/gbd-results/php/default_data.php?start_year=1990&version=8352,2026-06-11,Real GBD Results Tool default data endpoint output; use for workflow demonstration with IHME/GHDx citation and query metadata.
GBD 2023,8352,DALYs,2,Rate,3,All causes,294,Global,1,All ages,22,Both,3,2017,0.3498695420324928,0.3826743890724404,0.32242260847473014,https://vizhub.healthdata.org/gbd-results/php/default_data.php?start_year=1990&version=8352,2026-06-11,Real GBD Results Tool default data endpoint output; use for workflow demonstration with IHME/GHDx citation and query metadata.
GBD 2023,8352,DALYs,2,Number,1,All causes,294,Global,1,All ages,22,Both,3,2018,2649658440.9333878,2898938505.821936,2438437822.970693,https://vizhub.healthdata.org/gbd-results/php/default_data.php?start_year=1990&version=8352,2026-06-11,Real GBD Results Tool default data endpoint output; use for workflow demonstration with IHME/GHDx citation and query metadata.
GBD 2023,8352,DALYs,2,Percent,2,All causes,294,Global,1,All ages,22,Both,3,2018,1,1,1,https://vizhub.healthdata.org/gbd-results/php/default_data.php?start_year=1990&version=8352,2026-06-11,Real GBD Results Tool default data endpoint output; use for workflow demonstration with IHME/GHDx citation and query metadata.
GBD 2023,8352,DALYs,2,Rate,3,All causes,294,Global,1,All ages,22,Both,3,2018,0.34486527770388836,0.3773102289005222,0.3173739392184527,https://vizhub.healthdata.org/gbd-results/php/default_data.php?start_year=1990&version=8352,2026-06-11,Real GBD Results Tool default data endpoint output; use for workflow demonstration with IHME/GHDx citation and query metadata.
GBD 2023,8352,DALYs,2,Number,1,All causes,294,Global,1,All ages,22,Both,3,2019,2637383005.530689,2894413579.4881253,2422020672.968726,https://vizhub.healthdata.org/gbd-results/php/default_data.php?start_year=1990&version=8352,2026-06-11,Real GBD Results Tool default data endpoint output; use for workflow demonstration with IHME/GHDx citation and query metadata.
GBD 2023,8352,DALYs,2,Percent,2,All causes,294,Global,1,All ages,22,Both,3,2019,1,1,1,https://vizhub.healthdata.org/gbd-results/php/default_data.php?start_year=1990&version=8352,2026-06-11,Real GBD Results Tool default data endpoint output; use for workflow demonstration with IHME/GHDx citation and query metadata.
GBD 2023,8352,DALYs,2,Rate,3,All causes,294,Global,1,All ages,22,Both,3,2019,0.3394701825767265,0.3725538172578316,0.31174986656587556,https://vizhub.healthdata.org/gbd-results/php/default_data.php?start_year=1990&version=8352,2026-06-11,Real GBD Results Tool default data endpoint output; use for workflow demonstration with IHME/GHDx citation and query metadata.
GBD 2023,8352,DALYs,2,Number,1,All causes,294,Global,1,All ages,22,Both,3,2020,2787604305.517341,3061475318.763145,2563109923.4409723,https://vizhub.healthdata.org/gbd-results/php/default_data.php?start_year=1990&version=8352,2026-06-11,Real GBD Results Tool default data endpoint output; use for workflow demonstration with IHME/GHDx citation and query metadata.
GBD 2023,8352,DALYs,2,Percent,2,All causes,294,Global,1,All ages,22,Both,3,2020,1,1,1,https://vizhub.healthdata.org/gbd-results/php/default_data.php?start_year=1990&version=8352,2026-06-11,Real GBD Results Tool default data endpoint output; use for workflow demonstration with IHME/GHDx citation and query metadata.
GBD 2023,8352,DALYs,2,Rate,3,All causes,294,Global,1,All ages,22,Both,3,2020,0.35511709997159757,0.39000593975335507,0.3265184234072488,https://vizhub.healthdata.org/gbd-results/php/default_data.php?start_year=1990&version=8352,2026-06-11,Real GBD Results Tool default data endpoint output; use for workflow demonstration with IHME/GHDx citation and query metadata.
GBD 2023,8352,DALYs,2,Number,1,All causes,294,Global,1,All ages,22,Both,3,2022,2810005872.688428,3084954663.901607,2578117952.8614306,https://vizhub.healthdata.org/gbd-results/php/default_data.php?start_year=1990&version=8352,2026-06-11,Real GBD Results Tool default data endpoint output; use for workflow demonstration with IHME/GHDx citation and query metadata.
GBD 2023,8352,DALYs,2,Percent,2,All causes,294,Global,1,All ages,22,Both,3,2022,1,1,1,https://vizhub.healthdata.org/gbd-results/php/default_data.php?start_year=1990&version=8352,2026-06-11,Real GBD Results Tool default data endpoint output; use for workflow demonstration with IHME/GHDx citation and query metadata.
GBD 2023,8352,DALYs,2,Rate,3,All causes,294,Global,1,All ages,22,Both,3,2022,0.35147825387588777,0.3858691147563449,0.32247348845960533,https://vizhub.healthdata.org/gbd-results/php/default_data.php?start_year=1990&version=8352,2026-06-11,Real GBD Results Tool default data endpoint output; use for workflow demonstration with IHME/GHDx citation and query metadata.
GBD 2023,8352,DALYs,2,Number,1,All causes,294,Global,1,All ages,22,Both,3,2021,2969485680.625612,3244516307.5355825,2741905976.54597,https://vizhub.healthdata.org/gbd-results/php/default_data.php?start_year=1990&version=8352,2026-06-11,Real GBD Results Tool default data endpoint output; use for workflow demonstration with IHME/GHDx citation and query metadata.
GBD 2023,8352,DALYs,2,Percent,2,All causes,294,Global,1,All ages,22,Both,3,2021,1,1,1,https://vizhub.healthdata.org/gbd-results/php/default_data.php?start_year=1990&version=8352,2026-06-11,Real GBD Results Tool default data endpoint output; use for workflow demonstration with IHME/GHDx citation and query metadata.
GBD 2023,8352,DALYs,2,Rate,3,All causes,294,Global,1,All ages,22,Both,3,2021,0.37480429575537183,0.40951827370202865,0.3460795063845017,https://vizhub.healthdata.org/gbd-results/php/default_data.php?start_year=1990&version=8352,2026-06-11,Real GBD Results Tool default data endpoint output; use for workflow demonstration with IHME/GHDx citation and query metadata.
GBD 2023,8352,DALYs,2,Number,1,All causes,294,Global,1,All ages,22,Both,3,2023,2799135266.2993536,3084150438.573339,2566897218.5084476,https://vizhub.healthdata.org/gbd-results/php/default_data.php?start_year=1990&version=8352,2026-06-11,Real GBD Results Tool default data endpoint output; use for workflow demonstration with IHME/GHDx citation and query metadata.
GBD 2023,8352,DALYs,2,Percent,2,All causes,294,Global,1,All ages,22,Both,3,2023,1,1,1,https://vizhub.healthdata.org/gbd-results/php/default_data.php?start_year=1990&version=8352,2026-06-11,Real GBD Results Tool default data endpoint output; use for workflow demonstration with IHME/GHDx citation and query metadata.
GBD 2023,8352,DALYs,2,Rate,3,All causes,294,Global,1,All ages,22,Both,3,2023,0.34703635186582865,0.3823724882802512,0.31824351507793386,https://vizhub.healthdata.org/gbd-results/php/default_data.php?start_year=1990&version=8352,2026-06-11,Real GBD Results Tool default data endpoint output; use for workflow demonstration with IHME/GHDx citation and query metadata.
